"global_step","ecc-goal-safe-v0__Envelope__full__42__1780456369 - eval/eum","ecc-goal-safe-v0__Envelope__full__42__1780456369 - eval/eum__MIN","ecc-goal-safe-v0__Envelope__full__42__1780456369 - eval/eum__MAX","ecc-goal-safe-v0__Envelope__full__42__1780456369 - _step","ecc-goal-safe-v0__Envelope__full__42__1780456369 - _step__MIN","ecc-goal-safe-v0__Envelope__full__42__1780456369 - _step__MAX","ecc-goal-safe-v0__Envelope_util_42__1780449146 - eval/eum","ecc-goal-safe-v0__Envelope_util_42__1780449146 - eval/eum__MIN","ecc-goal-safe-v0__Envelope_util_42__1780449146 - eval/eum__MAX","ecc-goal-safe-v0__Envelope_util_42__1780449146 - _step","ecc-goal-safe-v0__Envelope_util_42__1780449146 - _step__MIN","ecc-goal-safe-v0__Envelope_util_42__1780449146 - _step__MAX","ecc-goal-safe-v0__Envelope__42__1780445654 - eval/eum","ecc-goal-safe-v0__Envelope__42__1780445654 - eval/eum__MIN","ecc-goal-safe-v0__Envelope__42__1780445654 - eval/eum__MAX","ecc-goal-safe-v0__Envelope__42__1780445654 - _step","ecc-goal-safe-v0__Envelope__42__1780445654 - _step__MIN","ecc-goal-safe-v0__Envelope__42__1780445654 - _step__MAX","ecc-goal-safe-v0__Envelope_ol-mimorl_42__1780266725 - eval/eum","ecc-goal-safe-v0__Envelope_ol-mimorl_42__1780266725 - eval/eum__MIN","ecc-goal-safe-v0__Envelope_ol-mimorl_42__1780266725 - eval/eum__MAX","ecc-goal-safe-v0__Envelope_ol-mimorl_42__1780266725 - _step","ecc-goal-safe-v0__Envelope_ol-mimorl_42__1780266725 - _step__MIN","ecc-goal-safe-v0__Envelope_ol-mimorl_42__1780266725 - _step__MAX"
"20000","","","","","","","","","","","","","","","","","","","1.1960378706906665","1.1960378706906665","1.1960378706906665","541","541","541"
"40000","","","","","","","","","","","","","","","","","","","1.1877601193341838","1.1877601193341838","1.1877601193341838","1094","1094","1094"
"50000","1.1423206700784423","1.1423206700784423","1.1423206700784423","1117","1117","1117","1.7183849221392367","1.7183849221392367","1.7183849221392367","1067","1067","1067","1.4820288953196716","1.4820288953196716","1.4820288953196716","1067","1067","1067","","","","","",""
"60000","","","","","","","","","","","","","","","","","","","1.3540059434527558","1.3540059434527558","1.3540059434527558","1639","1639","1639"
"80000","","","","","","","","","","","","","","","","","","","1.7101301116376597","1.7101301116376597","1.7101301116376597","2197","2197","2197"
"100000","1.2862773084122656","1.2862773084122656","1.2862773084122656","2243","2243","2243","1.4691245761129976","1.4691245761129976","1.4691245761129976","2143","2143","2143","0.9387406072268696","0.9387406072268696","0.9387406072268696","2143","2143","2143","1.4388035935594343","1.4388035935594343","1.4388035935594343","2758","2758","2758"
"120000","","","","","","","","","","","","","","","","","","","1.7291180500719643","1.7291180500719643","1.7291180500719643","3316","3316","3316"
"140000","","","","","","","","","","","","","","","","","","","1.4991205304200261","1.4991205304200261","1.4991205304200261","3871","3871","3871"
"150000","1.2388843448416291","1.2388843448416291","1.2388843448416291","3369","3369","3369","1.360359650698378","1.360359650698378","1.360359650698378","3219","3219","3219","1.678813315244295","1.678813315244295","1.678813315244295","3219","3219","3219","","","","","",""
"160000","","","","","","","","","","","","","","","","","","","1.5628457160854976","1.5628457160854976","1.5628457160854976","4420","4420","4420"
"180000","","","","","","","","","","","","","","","","","","","1.5846668925171061","1.5846668925171061","1.5846668925171061","4965","4965","4965"
"200000","1.5647335396195743","1.5647335396195743","1.5647335396195743","4495","4495","4495","1.460176344957034","1.460176344957034","1.460176344957034","4295","4295","4295","1.6996651581110271","1.6996651581110271","1.6996651581110271","4295","4295","4295","1.5750458759055004","1.5750458759055004","1.5750458759055004","5513","5513","5513"
"220000","","","","","","","","","","","","","","","","","","","1.6660341091475543","1.6660341091475543","1.6660341091475543","6060","6060","6060"
"240000","","","","","","","","","","","","","","","","","","","1.4459002068496623","1.4459002068496623","1.4459002068496623","6603","6603","6603"
"250000","1.7818595318646169","1.7818595318646169","1.7818595318646169","5621","5621","5621","1.762644926282806","1.762644926282806","1.762644926282806","5371","5371","5371","1.593965935186626","1.593965935186626","1.593965935186626","5371","5371","5371","","","","","",""
"260000","","","","","","","","","","","","","","","","","","","1.6093697892315542","1.6093697892315542","1.6093697892315542","7143","7143","7143"
"280000","","","","","","","","","","","","","","","","","","","1.8154180401706785","1.8154180401706785","1.8154180401706785","7685","7685","7685"
"300000","1.5654629883517157","1.5654629883517157","1.5654629883517157","6747","6747","6747","1.4755307390529675","1.4755307390529675","1.4755307390529675","6447","6447","6447","1.2885629614625298","1.2885629614625298","1.2885629614625298","6447","6447","6447","1.8999232002825663","1.8999232002825663","1.8999232002825663","8228","8228","8228"
"320000","","","","","","","","","","","","","","","","","","","1.6634157210094036","1.6634157210094036","1.6634157210094036","8774","8774","8774"
"340000","","","","","","","","","","","","","","","","","","","1.547389210650814","1.547389210650814","1.547389210650814","9319","9319","9319"
"350000","1.725056013374263","1.725056013374263","1.725056013374263","7873","7873","7873","1.3479982725758013","1.3479982725758013","1.3479982725758013","7523","7523","7523","1.4811167778469314","1.4811167778469314","1.4811167778469314","7523","7523","7523","","","","","",""
"360000","","","","","","","","","","","","","","","","","","","2.183352666382806","2.183352666382806","2.183352666382806","9862","9862","9862"
"380000","","","","","","","","","","","","","","","","","","","1.8731765299459266","1.8731765299459266","1.8731765299459266","10402","10402","10402"
"400000","1.413258990871889","1.413258990871889","1.413258990871889","8999","8999","8999","1.4508588044136155","1.4508588044136155","1.4508588044136155","8599","8599","8599","1.5523741717270534","1.5523741717270534","1.5523741717270534","8599","8599","8599","1.6285178217785985","1.6285178217785985","1.6285178217785985","10940","10940","10940"